ZONA,NomeZona,NumeroMuni,NomeMunici,NumDistrit,NomeDistri,Area_ha_2,indirect2,indirect,direct,d1cptm,d2cptm,d3cptm,Vol00_Vol00_sum,Vol05_Vol05_sum,Vol10_Vol10_sum,Vol15_Vol15_sum,Vol20_Vol20_sum,Vol95_Vol95_sum
1,Sé,36,São Paulo,80,Sé,57.1,1,1,0,0,0,0,7549382,7589632,7629958,7662125,7662125,7490683
2,Parque Dom Pedro,36,São Paulo,80,Sé,113.64,1,1,0,0,0,0,8009585,8009585,8009585,8009585,8009585,8009585
3,Praça João Mendes,36,São Paulo,80,Sé,47.75,1,1,0,0,0,0,5163230,5197696,5232199,5268251,5310555,5163230
4,Ladeira da Memória,36,São Paulo,67,República,75.11,1,1,0,0,0,0,9056131,9074551,9092968,9116917,9163437,8983121
5,República,36,São Paulo,67,República,74.95,1,1,1,0,0,0,9303738,9333542,9363438,9392155,9416194,9097763
6,Santa Ifigênia,36,São Paulo,67,República,82.93,1,1,0,0,0,0,9777747,9806898,9836084,9859328,9859328,9751558
7,Luz,36,São Paulo,9,Bom Retiro,154.6,1,1,1,0,0,0,10397938,10408075,10418243,10428893,10443747,10397938
8,Bom Retiro,36,São Paulo,9,Bom Retiro,143.01,1,0,0,0,0,0,6253110,6273404,6293690,6310662,6312518,6253110
9,Ponte Pequena,36,São Paulo,9,Bom Retiro,129.78,1,1,0,0,0,0,6345578,6351262,6356959,6361510,6361510,6345578
10,Canindé,36,São Paulo,57,Pari,82.61,1,0,0,0,0,0,3779989,3795808,3811594,3824278,3824278,3779989
11,Bom Jardim,36,São Paulo,57,Pari,49.85,1,0,0,0,0,0,2210466,2220481,2230427,2238376,2239453,2210466
12,Pari,36,São Paulo,57,Pari,140.16,1,1,0,0,0,0,7953537,7953537,7953537,7953537,7953537,7953537
13,João Teodoro,36,São Paulo,10,Brás,39.32,1,1,0,0,0,0,2145294,2145294,2145294,2145294,2145294,2145294
14,Oriente,36,São Paulo,10,Brás,69.88,1,0,0,0,0,0,5499943,5499943,5499943,5499943,5499943,5499943
15,Bresser,36,São Paulo,10,Brás,76.98,1,0,0,0,0,0,4925415,4925415,4925415,4925415,4925415,4925415
16,Brás,36,São Paulo,10,Brás,109.08,1,0,0,0,0,0,7213217,7213217,7213217,7213217,7213217,7213217
17,Gasômetro,36,São Paulo,10,Brás,69.35,1,1,0,0,0,0,4053037,4053037,4053037,4053037,4053037,4053037
18,Independência,36,São Paulo,14,Cambuci,253.75,0,0,0,0,0,0,15784740,15786955,15789148,15790907,15790907,15778550
19,Cambuci,36,São Paulo,14,Cambuci,140.43,0,0,0,0,0,0,9760038,9760617,9761196,9773697,9833799,9760038
20,Glicério,36,São Paulo,49,Liberdade,108.02,0,0,0,0,0,0,7755300,7755300,7755300,7755300,7755300,7755300
21,Aclimação,36,São Paulo,49,Liberdade,113.62,0,0,0,0,0,0,9059903,9070401,9080899,9108101,9204433,9058866
22,Pires da Mota,36,São Paulo,49,Liberdade,50.03,0,0,0,0,0,0,5714316,5714316,5714316,5714316,5714316,5714316
23,Centro Cultural,36,São Paulo,49,Liberdade,33.24,0,0,0,0,0,0,3648727,3648727,3648727,3648727,3648727,3648727
24,Liberdade,36,São Paulo,49,Liberdade,59.49,0,0,0,0,0,0,6601696,6601696,6601696,6601696,6601696,6601696
25,Treze de Maio,36,São Paulo,7,Bela Vista,42.85,1,1,0,0,0,0,4064397,4076043,4087687,4096991,4096991,4064397
26,Bexiga,36,São Paulo,7,Bela Vista,51.76,1,1,0,0,0,0,4352214,4352214,4352214,4352214,4352214,4352214
27,Bela Vista,36,São Paulo,7,Bela Vista,93.8,1,0,0,0,0,0,11990053,12069142,12148197,12220590,12266505,11871403
28,São Carlos do Pinhal,36,São Paulo,7,Bela Vista,31.03,1,0,0,0,0,0,5340158,5353494,5366831,5384296,5418258,5170021
29,Masp,36,São Paulo,7,Bela Vista,57.27,1,1,0,0,0,0,8246630,8253676,8260723,8312623,8543669,8214128
30,Higienópolis,36,São Paulo,26,Consolação,67.81,1,1,0,0,0,0,8601930,8603917,8605933,8614321,8648074,8582820
31,Vila Buarque,36,São Paulo,26,Consolação,89.58,1,1,0,0,0,0,9849620,9904633,9959697,10005910,10016920,9848492
32,Consolação,36,São Paulo,26,Consolação,57.23,1,1,1,0,0,0,7012092,7017617,7023170,7048144,7150907,6977839
33,Pacaembu,36,São Paulo,26,Consolação,90.45,1,1,0,0,0,0,4386868,4410685,4434500,4461646,4501911,4349962
34,FAAP,36,São Paulo,26,Consolação,74.45,1,1,0,0,0,0,7435097,7484227,7533509,7615184,7826691,7353636
35,Santa Cecília,36,São Paulo,70,Santa Cecília,144.09,1,1,0,0,0,0,16437149,16452325,16467445,16479617,16479617,16437149
36,Marechal Deodoro,36,São Paulo,70,Santa Cecília,142.2,1,0,0,0,0,0,16029465,16043933,16058444,16070400,16072231,15902913
37,Rudge,36,São Paulo,70,Santa Cecília,84.73,1,0,0,0,0,0,4364147,4364301,4364458,4364595,4364595,4364147
38,Catumbi,36,São Paulo,8,Belém,81.44,0,0,0,0,0,0,3177847,3183945,3190067,3194951,3194951,3177847
39,Belém,36,São Paulo,8,Belém,160.71,0,0,0,0,0,0,6799610,6813689,6829139,6842698,6853891,6799610
40,Quarta Parada,36,São Paulo,8,Belém,127.4,0,0,0,0,0,0,5676821,5676821,5676821,5676821,5676821,5676821
41,Belenzinho,36,São Paulo,8,Belém,180.11,0,0,0,0,0,0,12205381,12205381,12205381,12205461,12205897,12205381
42,Celso Garcia,36,São Paulo,8,Belém,63.89,0,0,0,0,0,0,3701612,3701612,3701612,3701612,3701612,3701612
43,Mooca,36,São Paulo,54,Mooca,271.79,1,0,0,0,0,0,17616831,17621635,17626445,17638177,17677358,17609327
44,Alto da Mooca,36,São Paulo,54,Mooca,141.65,1,1,0,0,0,0,10188442,10188442,10188442,10188442,10188442,10188442
45,Parque da Mooca,36,São Paulo,54,Mooca,381.42,1,1,0,0,0,0,28306068,28324876,28343732,28362405,28380711,28305597
46,Água Rasa,36,São Paulo,1,Água Rasa,315.81,1,1,0,0,0,0,17989128,17989128,17989128,17992381,18008641,17989128
47,Vila Bertioga,36,São Paulo,1,Água Rasa,195.28,1,0,0,0,0,0,12722905,12722905,12722905,12724489,12732420,12722905
48,Regente Feijó,36,São Paulo,1,Água Rasa,203.96,1,0,0,0,0,0,12389277,12406042,12422806,12436192,12436192,12389277
49,Ana Rosa,36,São Paulo,92,Vila Mariana,94.46,0,0,0,0,0,0,7490959,7490959,7490959,7493413,7505676,7490959
50,Jardim da Glória,36,São Paulo,92,Vila Mariana,88.43,0,0,0,0,0,0,5209549,5213277,5217013,5219997,5219997,5209549
51,Chácara Klabin,36,São Paulo,92,Vila Mariana,97.57,0,0,0,0,0,0,10244832,10244832,10244832,10244832,10244832,10244832
52,Vila Mariana,36,São Paulo,92,Vila Mariana,59.61,0,0,0,0,0,0,5533959,5533959,5533959,5533959,5533959,5533959
53,Santa Cruz,36,São Paulo,92,Vila Mariana,108.52,0,0,0,0,0,0,9261406,9268458,9275510,9281143,9281143,9253408
54,Vila Clementino,36,São Paulo,92,Vila Mariana,93.7,0,0,0,0,0,0,8667427,8667427,8667427,8667427,8667427,8667427
55,França Pinto,36,São Paulo,92,Vila Mariana,112.14,0,0,0,0,0,0,10657317,10674829,10692393,10712269,10741528,10657317
56,Rodrigues Alves,36,São Paulo,92,Vila Mariana,103.55,0,0,0,0,0,0,12767099,12820483,12873808,12917368,12921374,12767099
57,Paraíso,36,São Paulo,92,Vila Mariana,96.28,0,0,0,0,0,0,16088797,16209193,16329505,16425696,16425696,16082331
58,Bosque da Saúde,36,São Paulo,79,Saúde,169.91,0,0,0,0,0,0,16749630,16749630,16749630,16749630,16749630,16749630
59,Saúde,36,São Paulo,79,Saúde,260.81,0,0,0,0,0,0,23088359,23090811,23093231,23096088,23100498,23088359
60,Planalto Paulista,36,São Paulo,79,Saúde,321.66,0,0,0,0,0,0,16226397,16234783,16243157,16251402,16258927,16226397
61,Mirandópolis,36,São Paulo,79,Saúde,173.45,0,0,0,0,0,0,15095666,15100415,15105161,15108949,15108949,15095666
62,Parque Ibirapuera,36,São Paulo,53,Moema,283.7,0,0,0,0,0,0,8335378,8450501,8593050,8730281,8905338,8331841
63,Jardim Luzitânia,36,São Paulo,53,Moema,103.07,0,0,0,0,0,0,5594151,5638306,5682801,5728391,5779197,5574059
64,Moema,36,São Paulo,53,Moema,175.13,0,0,0,0,0,0,20390373,20411658,20432964,20452531,20464905,20390373
65,Vila Helena,36,São Paulo,53,Moema,104.82,0,0,0,0,0,0,13479776,13541662,13603533,13661697,13704935,13479776
66,Bandeirantes,36,São Paulo,53,Moema,133.42,0,0,0,0,0,0,10627949,10631138,10634369,10636946,10636946,10627949
67,Vila Nova Conceição,36,São Paulo,53,Moema,112.48,0,0,0,0,0,0,8080850,8299176,8517473,8707056,8779904,8070873
68,Chácara Itaim,36,São Paulo,34,Itaim Bibi,204.01,1,0,0,0,0,0,23962837,24044553,24126410,24192479,24195776,23960769
69,Vila Olímpia,36,São Paulo,34,Itaim Bibi,89.63,1,0,0,0,0,0,12163292,12164095,12164864,12165492,12165492,12163292
70,Hélio Pelegrino,36,São Paulo,34,Itaim Bibi,103.38,1,0,0,0,0,0,12050009,12071651,12093299,12110619,12110619,12050009
71,Brooklin,36,São Paulo,34,Itaim Bibi,234.25,1,0,0,0,0,0,16421683,16437251,16452863,16473262,16512745,16411826
72,Vila Cordeiro,36,São Paulo,34,Itaim Bibi,176.69,1,1,0,0,0,0,12288843,12291546,12294225,12299224,12313548,12257077
73,Berrini,36,São Paulo,34,Itaim Bibi,197.39,1,0,0,0,0,0,18172817,18196541,18220320,18256864,18344607,18131147
74,Campinas,36,São Paulo,44,Jardim Paulista,49.08,1,0,0,0,0,0,7578042,7632251,7686507,7732410,7745594,7105721
75,Pamplona,36,São Paulo,44,Jardim Paulista,51.34,1,0,0,0,0,0,8112058,8124091,8136163,8145805,8145805,8092462
76,Jardins,36,São Paulo,44,Jardim Paulista,237.7,1,1,0,0,0,0,14677269,14752933,14828611,14890210,14895444,14669621
77,Clínicas,36,São Paulo,44,Jardim Paulista,128.72,1,1,0,0,0,0,14820605,14864399,14908253,15033596,15093712,14819855
78,Oscar Freire,36,São Paulo,44,Jardim Paulista,100.01,1,1,0,0,0,0,14370884,14388444,14406079,14426261,14457013,14178907
79,Trianon,36,São Paulo,44,Jardim Paulista,59.81,1,1,0,0,0,0,7432202,7512149,7592100,7759495,8276023,7403656
80,Jardim Paulistano,36,São Paulo,63,Pinheiros,98.98,1,1,1,0,0,0,11922188,11940887,11959561,11974525,11974525,11922034
81,Jardim Europa,36,São Paulo,63,Pinheiros,308.02,1,1,0,0,0,0,18856807,19225531,19594364,19903426,19964293,18800716
82,Pinheiros,36,São Paulo,63,Pinheiros,202.58,1,1,1,0,0,0,19141573,19167287,19195368,19255016,19446543,19141573
83,Vila Madalena,36,São Paulo,63,Pinheiros,219.31,1,1,0,0,0,0,17654628,17668850,17683119,17700528,17730341,17652566
84,PUC,36,São Paulo,61,Perdizes,73.32,0,0,0,0,0,0,8723298,8741776,8760289,8775107,8775107,8723298
85,Cardoso de Almeida,36,São Paulo,61,Perdizes,63.39,0,0,0,0,0,0,6125802,6125802,6125802,6125802,6125802,6125802
86,Zequinha de Abreu,36,São Paulo,61,Perdizes,49.61,0,0,0,0,0,0,3720083,3752172,3784294,3809972,3809972,3720083
87,Sumaré,36,São Paulo,61,Perdizes,139.16,0,0,0,0,0,0,11810225,11884678,11959017,12018551,12018551,11802340
88,Perdizes,36,São Paulo,61,Perdizes,168.45,0,0,0,0,0,0,19634849,19669029,19703268,19730719,19730719,19612624
89,Vila Anglo Brasileira,36,São Paulo,61,Perdizes,79.12,0,0,0,0,0,0,6849494,6849494,6849494,6849494,6849494,6849494
90,Pompéia,36,São Paulo,61,Perdizes,60,0,0,0,0,0,0,5793737,5793737,5793737,5793737,5793737,5793737
91,Santa Marina,36,São Paulo,6,Barra Funda,295.36,0,0,0,0,0,0,13370016,13466403,13576753,13664071,13686499,13366578
92,Barra Funda,36,São Paulo,6,Barra Funda,118.21,0,0,0,0,0,0,6454474,6500003,6545573,6582269,6583545,6454474
93,Francisco Matarazzo,36,São Paulo,6,Barra Funda,105.13,0,0,0,0,0,0,7867560,7882553,7897549,7924688,8012709,7867560
94,Água Branca,36,São Paulo,6,Barra Funda,71.11,0,0,0,0,0,0,5711682,5769891,5828053,5874639,5874639,5711682
95,Vila Beatriz,36,São Paulo,2,Alto de Pinheiros,183.66,1,0,0,0,0,0,14472702,14541192,14609777,14679043,14751502,14459831
96,Alto de Pinheiros,36,São Paulo,2,Alto de Pinheiros,253.17,1,1,0,0,0,0,10882155,10917459,10952746,10982971,10992950,10874404
97,Boaçava,36,São Paulo,2,Alto de Pinheiros,314.44,1,0,0,0,0,0,12548303,12630881,12715805,12805350,12884130,12507173
98,Vila Anastácio,36,São Paulo,48,Lapa,164.66,0,0,0,0,0,0,8040378,8042800,8046186,8049976,8058050,8040027
99,Lapa de Baixo,36,São Paulo,48,Lapa,242.69,0,0,0,0,0,0,12313582,12351117,12391058,12423353,12434962,12313562
100,Lapa,36,São Paulo,48,Lapa,225.22,0,0,0,0,0,0,16029624,16035164,16040705,16048169,16063321,16029624
101,Vila Ipojuca,36,São Paulo,48,Lapa,168.47,0,0,0,0,0,0,14541209,14542488,14543767,14544774,14544774,14541209
102,Alto da Lapa,36,São Paulo,48,Lapa,159.95,0,0,0,0,0,0,10514559,10566234,10617878,10659276,10659276,10511482
103,Gavião Peixoto,36,São Paulo,48,Lapa,68.96,0,0,0,0,0,0,3343653,3351838,3360007,3366570,3366570,3341789
104,Bela Aliança,36,São Paulo,90,Vila Leopoldina,71.35,0,0,0,0,0,0,4863031,4869099,4875137,4879989,4879989,4863031
105,Vila Hamburguesa,36,São Paulo,90,Vila Leopoldina,149.18,0,0,0,0,0,0,10059642,10059916,10060201,10060417,10060417,10057877
106,CEASA,36,São Paulo,90,Vila Leopoldina,197.78,0,0,0,0,0,0,8378059,8387228,8396380,8403760,8403998,8339995
107,Vila Leopoldina,36,São Paulo,90,Vila Leopoldina,91.65,0,0,0,0,0,0,11323948,11324714,11325507,11326140,11326140,11300535
108,Emissário,36,São Paulo,90,Vila Leopoldina,190.52,0,0,0,0,0,0,5476653,5495412,5514203,5544347,5649708,5467631
109,Vila Zatt,36,São Paulo,64,Pirituba,1220.22,0,0,0,0,0,1,46590501,46985120,47405615,47791219,48135741,46352321
110,Pirituba,36,São Paulo,64,Pirituba,488.92,0,0,0,0,0,0,24169520,24267849,24374953,24511472,24785870,24160921
111,São Domingos,36,São Paulo,73,São Domingos,581.76,0,0,0,0,0,0,28012110,28163374,28325317,28467226,28546704,27998441
112,Jardim Mutinga,36,São Paulo,73,São Domingos,411.97,0,0,0,0,0,1,18840394,19102247,19395993,19727691,19950811,17993532
113,Vila Jaguara,36,São Paulo,39,Jaguara,454.34,0,0,0,0,0,0,20482586,20594054,20705564,20800799,20835147,20458254
114,Parque do Jaraguá,36,São Paulo,41,Jaraguá,489.12,0,0,0,0,0,1,20411,22757,25710,40499,89197,19818
115,Nova Jaraguá,36,São Paulo,41,Jaraguá,777.78,0,0,0,1,1,1,20560903,21168084,21829628,22537323,23285706,19619263
116,Parada de Taipas,36,São Paulo,41,Jaraguá,1553.24,0,0,0,0,1,1,48063362,49391340,50802867,52388175,53903526,41891759
117,Parque Morro Doce,36,São Paulo,3,Anhanguera,1527.16,0,0,0,0,0,0,16360632,17782430,19648233,21780720,23094624,11044525
118,Anhanguera,36,São Paulo,3,Anhanguera,1812.79,0,0,0,0,0,1,3515671,3772537,4135459,4530838,5093428,2264241
119,Perus,36,São Paulo,62,Perus,2369.13,0,0,0,0,1,1,28132953,28603789,29290724,30203397,30957148,24946641
120,Vista Alegre,36,São Paulo,11,Brasilândia,742.47,0,0,0,0,0,1,261,261,261,8698,51549,125
121,Jardim Damasceno,36,São Paulo,11,Brasilândia,573.73,0,0,0,0,0,1,23322680,23938161,24594319,25266536,26020995,20632178
122,Vila Souza,36,São Paulo,11,Brasilândia,220.86,0,0,0,0,0,1,12792365,12894598,13104022,13296008,13585438,11602405
123,Vila Terezinha,36,São Paulo,11,Brasilândia,250.78,0,0,0,0,0,0,21031589,21033781,21035951,21037722,21037722,21031589
124,Brasilândia,36,São Paulo,11,Brasilândia,318.28,0,0,0,0,0,0,18999620,18999620,18999620,18999620,18999620,18996681
125,Vila Morro Grande,36,São Paulo,29,Freguesia do Ó,413.07,0,0,0,0,0,0,19153713,19271067,19401167,19543322,19640559,19137554
126,Itaberaba,36,São Paulo,29,Freguesia do Ó,207.42,0,0,0,0,0,0,12972615,13031506,13090345,13138897,13146108,12972615
127,Freguesia do Ó,36,São Paulo,29,Freguesia do Ó,485.85,0,0,0,0,0,0,28993910,29011940,29029983,29050139,29050373,28963151
128,Carandiru,36,São Paulo,71,Santana,38.03,0,0,0,0,0,0,1735362,1735362,1735362,1735362,1735362,1735362
129,Santana,36,São Paulo,71,Santana,54.36,0,0,0,0,0,0,3809987,3809987,3809987,3809987,3809987,3809987
130,Zaki Narchi,36,São Paulo,71,Santana,71.32,0,0,0,0,0,0,2183206,2190197,2197209,2206565,2225482,2183206
131,Tietê,36,São Paulo,71,Santana,78.6,0,0,0,0,0,0,3085624,3093771,3101917,3108468,3108468,3085624
132,Parque Anhembi,36,São Paulo,71,Santana,313.52,0,0,0,0,0,0,5047331,5085643,5124086,5171650,5200350,4971475
133,Alfredo Pujol,36,São Paulo,71,Santana,215.07,0,0,0,0,0,0,20637609,20671120,20704693,20731524,20731524,20576904
134,Santa Terezinha,36,São Paulo,71,Santana,251.08,0,0,0,0,0,0,17820534,17904953,17989353,18065589,18109251,17779080
135,Jardim São Paulo,36,São Paulo,71,Santana,291.23,0,0,0,0,0,0,21120673,21135521,21150411,21163218,21167777,21120673
136,Casa Verde,36,São Paulo,21,Casa Verde,325.35,0,0,0,0,0,0,18246741,18252311,18257894,18262338,18262338,18245440
137,Parque Peruche,36,São Paulo,21,Casa Verde,391.87,0,0,0,0,0,0,25371113,25405540,25439989,25479409,25538877,25287824
138,Limão,36,São Paulo,50,Limão,171.8,0,0,0,0,0,0,9570029,9574871,9579742,9584416,9588381,9569922
139,Jardim Primavera,36,São Paulo,50,Limão,192.75,0,0,0,0,0,0,10416977,10426589,10436223,10445392,10452845,10394082
140,Vila Santa Maria,36,São Paulo,50,Limão,277.94,0,0,0,0,0,0,17306221,17306221,17306221,17306221,17306221,17281055
141,Cachoeirinha,36,São Paulo,13,Cachoeirinha,478.58,0,0,0,0,0,0,27338399,27411977,27485624,27576547,27737012,27216022
142,Jardim Peri,36,São Paulo,13,Cachoeirinha,443.68,0,0,0,0,0,0,18882642,18997692,19132547,19335172,19643040,18710255
143,Reserva da Cantareira,36,São Paulo,13,Cachoeirinha,436.61,0,0,0,0,0,0,0,0,0,136,3812,0
144,Mandaqui,36,São Paulo,51,Mandaqui,552.45,0,0,0,0,0,0,36492541,36654989,36817518,36984886,37168082,36409887
145,Horto Florestal,36,São Paulo,51,Mandaqui,342.18,0,0,0,0,0,0,2729432,2852278,2984281,3282454,4116733,2633583
146,ETA Guaraú,36,São Paulo,51,Mandaqui,428.67,0,0,0,0,0,0,97784,99252,103819,113718,162700,97784
147,Parque Palmas do Tremembé,36,São Paulo,83,Tremembé,407.03,0,0,0,0,0,0,11977091,12195016,12484158,12820392,13160500,11713893
148,Tremembé,36,São Paulo,83,Tremembé,331.62,0,0,0,0,0,0,13146628,13544360,13991766,14530204,15623505,11741331
149,Cantareira,36,São Paulo,83,Tremembé,2886.45,0,0,0,0,0,1,70089,78181,92833,122965,265939,60244
150,Jardim das Pedras,36,São Paulo,83,Tremembé,1609.01,0,0,0,0,0,1,16739153,17639877,18769661,20289942,23067005,9943031
151,Jardim Guapira,36,São Paulo,83,Tremembé,548.53,0,0,0,0,0,0,35348039,35585463,35874674,36125462,36326143,31694498
152,Parada Inglesa,36,São Paulo,84,Tucuruvi,242.67,0,0,0,0,0,0,16512851,16513714,16514577,16515262,16515262,16512851
153,Tucuruvi,36,São Paulo,84,Tucuruvi,358.5,0,0,0,0,0,0,10234739,10445871,10703168,11084664,11659142,9973401
154,Vila Gustavo,36,São Paulo,84,Tucuruvi,345.8,0,0,0,0,0,0,20013718,20017872,20022036,20026761,20033819,20013718
155,Cohab Jova Rural,36,São Paulo,38,Jaçanã,254.58,0,0,0,0,0,1,12012429,12055050,12097740,12149283,12236839,11482513
156,Jaçanã,36,São Paulo,38,Jaçanã,386.23,0,0,0,0,0,1,15753756,15832970,15912192,15990885,16067360,15734292
157,Parque Edu Chaves,36,São Paulo,38,Jaçanã,109.91,0,0,0,0,0,1,4219577,4219577,4219577,4219577,4219577,4219577
158,Vila Medeiros,36,São Paulo,94,Vila Medeiros,335.02,0,0,0,0,0,0,17650974,17650974,17650974,17650974,17650974,17650974
159,Jardim Brasil,36,São Paulo,94,Vila Medeiros,454.37,0,0,0,0,0,1,17176899,17180228,17183557,17186624,17188674,17164051
160,Jardim Japão,36,São Paulo,91,Vila Maria,396.23,0,0,0,0,0,0,23066518,23088121,23109724,23129061,23139415,23062230
161,Parque Novo Mundo,36,São Paulo,91,Vila Maria,551.36,0,0,0,0,0,1,20847757,20983900,21120525,21265681,21449145,20612203
162,Vila Maria,36,São Paulo,91,Vila Maria,234.12,0,0,0,0,0,0,10659041,10659522,10660003,10660394,10660394,10659041
163,Vila Isolina Mazzei,36,São Paulo,88,Vila Guilherme,379.5,0,0,0,0,0,0,21469059,21473486,21477882,21481407,21481407,21469059
164,Vila Guilherme,36,São Paulo,88,Vila Guilherme,170.9,0,0,0,0,0,0,7094790,7095794,7096826,7097662,7097662,7094790
165,Coroa,36,São Paulo,88,Vila Guilherme,174.39,0,0,0,0,0,0,7902831,7910758,7918674,7925067,7925067,7902831
166,Gomes Cardim,36,São Paulo,82,Tatuapé,243.24,0,0,0,0,0,0,22090458,22132828,22175228,22212133,22226907,22090458
167,Tatuapé,36,São Paulo,82,Tatuapé,156.88,0,0,0,0,0,0,11961465,11961465,11961465,11964776,11981349,11961465
168,Chácara do Piqueri,36,São Paulo,82,Tatuapé,198.59,0,0,0,0,0,0,13812263,13842929,13873557,13901534,13918089,13812263
169,Parque São Jorge,36,São Paulo,82,Tatuapé,252.07,0,0,0,0,0,0,16159884,16175208,16190554,16202784,16202784,16159884
170,Penha,36,São Paulo,60,Penha,384.16,0,0,0,0,0,1,19568006,19586287,19604603,19624650,19654217,19567858
171,Tiquatira,36,São Paulo,60,Penha,324.46,0,0,0,0,0,1,17668316,17673364,17678382,17682584,17683230,17668316
172,Vila Esperança,36,São Paulo,60,Penha,228.82,0,0,0,0,0,0,11557950,11557950,11557950,11557950,11557950,11550913
173,Vila Ré,36,São Paulo,60,Penha,208.23,0,0,0,0,0,0,10525789,10525789,10525789,10525789,10525789,10525789
174,Rui Barbosa,36,São Paulo,18,Cangaíba,271.23,0,0,0,0,1,1,14047057,14048703,14050341,14051907,14053161,14040356
175,Estação Eng. Goulart,36,São Paulo,18,Cangaíba,193.33,0,0,0,0,1,1,11425801,11443585,11461335,11479217,11497613,11425801
176,Cangaíba,36,São Paulo,18,Cangaíba,333.53,0,0,0,0,0,1,18848763,18849232,18849680,18850056,18850056,18844576
177,Parque Ecológico do Tietê,36,São Paulo,18,Cangaíba,530.85,0,0,0,0,1,1,2057698,2084278,2110878,2140469,2172515,1948666
178,USP Leste I,36,São Paulo,18,Cangaíba,50.18,0,0,0,0,1,1,170935,211055,310255,397524,449418,170935
179,USP Leste II,36,São Paulo,28,Ermelino Matarazzo,122.83,0,0,0,0,1,1,44493,45103,45706,51689,81253,44493
180,Ermelino Matarazzo,36,São Paulo,28,Ermelino Matarazzo,448.82,0,0,0,1,1,1,20928329,20965444,21002541,21070089,21227430,20889192
181,Parque Buturussu,36,São Paulo,28,Ermelino Matarazzo,371.83,0,0,0,0,0,1,19919325,19919325,19919325,19919343,19919434,19919325
182,Ponte Rasa,36,São Paulo,65,Ponte Rasa,365.36,0,0,0,0,0,1,18347116,18347116,18347116,18347116,18347116,18347116
183,Burgo Paulista,36,São Paulo,65,Ponte Rasa,291.63,0,0,0,0,0,1,13607966,13607966,13607966,13607966,13607966,13602328
184,Limoeiro,36,São Paulo,89,Vila Jacuí,143.33,0,0,0,0,0,1,7465268,7465268,7465268,7465268,7465268,7465268
185,Laranja da China,36,São Paulo,89,Vila Jacuí,131.72,0,0,0,0,0,1,7083441,7083441,7083441,7083441,7083441,7083441
186,Pedro José Nunes,36,São Paulo,89,Vila Jacuí,86.18,0,0,0,0,0,1,3875694,3878689,3881717,3884134,3884177,3875694
187,Parque Cruzeiro do Sul,36,São Paulo,89,Vila Jacuí,249.91,0,0,0,0,0,1,10840500,10863897,10887372,10906253,10906699,10539415
188,Vila Jacuí,36,São Paulo,89,Vila Jacuí,211.87,0,0,0,0,0,1,10158602,10162075,10165570,10168335,10168335,10158602
189,Parada XV,36,São Paulo,36,Itaquera,324.46,0,0,0,0,0,1,16841426,16862688,16883963,16900986,16900986,16832982
190,Itaquera,36,São Paulo,36,Itaquera,283.17,0,0,0,0,0,0,14705953,14723022,14740090,14758894,14784563,14642306
191,Arena Corinthians,36,São Paulo,36,Itaquera,140.29,0,0,0,0,0,0,4474260,4513028,4551786,4583273,4585930,4474260
192,Vila Campanela,36,São Paulo,36,Itaquera,230.53,0,0,0,0,0,0,12309870,12309870,12309870,12309870,12309870,12309870
193,Araucárias,36,São Paulo,36,Itaquera,129.58,0,0,0,0,0,0,7508049,7508049,7508049,7508049,7508049,7508049
194,Parque Guarani,36,São Paulo,36,Itaquera,126.45,0,0,0,0,0,0,7252858,7252858,7252858,7252858,7252858,7252858
195,Rio Verde,36,São Paulo,36,Itaquera,238.76,0,0,0,0,0,1,13113682,13113682,13113682,13113682,13113682,13113682
196,Saudade,36,São Paulo,76,São Miguel,207.28,0,0,0,0,0,1,9788652,9793614,9798585,9802544,9802544,9788652
197,São Miguel Paulista,36,São Paulo,76,São Miguel,302.65,0,0,0,0,0,1,9579556,9609764,9654995,9688784,9709538,9516914
198,Cidade Nitro-Operária,36,São Paulo,76,São Miguel,357.92,0,0,0,0,1,1,12820272,12824961,12829628,12837972,12861962,12820272
199,Jardim Helena,36,São Paulo,43,Jardim Helena,684.67,0,0,0,0,1,1,19308442,19512652,19766177,20003913,20295605,18536566
200,Jardim Romano,36,São Paulo,43,Jardim Helena,230.77,0,0,0,0,1,1,5836391,5883531,5933434,5977151,6008210,5704185
201,Vila Curuçá,36,São Paulo,86,Vila Curuçá,503.17,0,0,0,1,1,1,19855410,19881809,19908464,19942537,20006960,19794591
202,Jardim Robru,36,São Paulo,86,Vila Curuçá,449.19,0,0,0,0,0,1,20212384,20375727,20539056,20706036,20745304,19681365
203,Lajeado,36,São Paulo,47,Lajeado,276.95,0,0,0,0,0,1,12831467,12855940,12880468,12911345,12911345,12745071
204,Fábrica Bandeirantes,36,São Paulo,47,Lajeado,615.33,0,0,0,0,0,1,30066555,30350903,30635274,30887627,31012157,28756709
205,Fazenda Itaim,36,São Paulo,35,Itaim Paulista,462.24,0,0,0,0,0,1,22617111,23010329,23448785,23782430,23787159,21403942
206,Itaim Paulista,36,São Paulo,35,Itaim Paulista,302.19,0,0,0,0,1,1,13883559,13884436,13885301,13886204,13887280,13868135
207,Jardim das Oliveiras,36,São Paulo,35,Itaim Paulista,460.11,0,0,0,1,1,1,20791110,20817132,20843143,20863963,20863963,20635418
208,Vila Califórnia,36,São Paulo,20,Carrão,340.04,0,0,0,0,0,0,19970271,19972724,19975156,19977106,19977106,19970271
209,Vila Carrão,36,São Paulo,20,Carrão,440.28,0,0,0,0,0,0,17432829,17492310,17551845,17599769,17601880,17432763
210,Jardim Anália Franco,36,São Paulo,87,Vila Formosa,334.04,1,0,0,0,0,0,22295835,22327880,22359963,22426277,22599351,22278673
211,Vila Formosa,36,São Paulo,87,Vila Formosa,417.48,1,1,0,0,0,0,24887099,24901650,24916224,24927885,24928030,24887099
212,Barreira Grande,36,São Paulo,4,Aricanduva,280.1,0,0,0,0,0,0,13537094,13555426,13573754,13588853,13590971,13528269
213,Aricanduva,36,São Paulo,4,Aricanduva,406.17,0,0,0,0,0,0,19760322,19760322,19760322,19760322,19760322,19760322
214,Frei Mont'Alverne,36,São Paulo,93,Vila Matilde,225.2,0,0,0,0,0,0,11989113,11989113,11989113,11989113,11989113,11989113
215,Vila Matilde,36,São Paulo,93,Vila Matilde,330.17,0,0,0,0,0,0,17600288,17603962,17607624,17610576,17610576,17600288
216,Cidade Patriarca,36,São Paulo,93,Vila Matilde,336.5,0,0,0,0,0,0,16476487,16479041,16481585,16483628,16483628,16476487
217,Cidade A.E.Carvalho,36,São Paulo,5,Artur Alvim,265.77,0,0,0,0,0,0,12294520,12294520,12294520,12294520,12294520,12286560
218,Artur Alvim,36,São Paulo,5,Artur Alvim,387.27,0,0,0,0,0,0,20041910,20051576,20061182,20068857,20077274,20041910
219,Cidade Líder,36,São Paulo,24,Cidade Líder,347.51,0,0,0,0,0,0,18274864,18296712,18318478,18336141,18337159,18269977
220,Santa Marcelina,36,São Paulo,24,Cidade Líder,265.94,0,0,0,0,0,0,13419144,13483964,13548873,13605718,13630580,13362397
221,Parque Savoy,36,São Paulo,24,Cidade Líder,444.75,0,0,0,0,0,0,16869081,17043112,17217142,17469005,18034515,16757391
222,Vila Carmosina,36,São Paulo,58,Parque do Carmo,343.76,0,0,0,0,0,0,18583322,18746389,18909463,19043289,19060379,18516742
223,Fazenda Caguaçu,36,São Paulo,58,Parque do Carmo,439.53,0,0,0,0,0,0,9083678,9325576,9620435,10089152,10823598,8501389
224,Parque do Carmo,36,São Paulo,58,Parque do Carmo,777.43,0,0,0,0,0,0,574704,611739,664257,731444,862133,552992
225,Gleba do Pêssego,36,São Paulo,46,José Bonifácio,1028.47,0,0,0,0,0,0,10994648,12180177,13763016,15873940,18182570,8956879
226,José Bonifácio,36,São Paulo,46,José Bonifácio,416.53,0,0,0,0,0,0,20909529,20980767,21064043,21127855,21138162,20903148
227,Guaianases,36,São Paulo,31,Guaianases,472.34,0,0,0,0,0,0,21273322,21369849,21477719,21650420,21963731,21209309
228,Juscelino Kubitschek,36,São Paulo,31,Guaianases,418.82,0,0,0,0,0,0,13312960,13546268,13818673,14165288,14642162,12561245
229,Cidade Tiradentes,36,São Paulo,25,Cidade Tiradentes,953.59,0,0,0,0,0,0,29606525,30358000,31268123,32175996,33006269,27276491
230,Santa Etelvina,36,São Paulo,25,Cidade Tiradentes,541.3,0,0,0,0,0,0,15161564,15506558,15925836,16330442,16847284,12161750
231,Terceira Divisão,36,São Paulo,32,Iguatemi,1130.9,0,0,0,0,0,0,11991476,12910210,14075398,15558898,17732279,8123437
232,Iguatemi,36,São Paulo,32,Iguatemi,498.47,0,0,0,0,0,0,12852910,13882215,15115622,16709094,17585968,10474437
233,Sítio Carrãozinho,36,São Paulo,32,Iguatemi,323.28,0,0,0,0,0,0,14168768,14322140,14476081,14615900,14703459,9876868
234,Parque São Rafael,36,São Paulo,77,São Rafael,742.33,0,0,0,0,0,0,21497943,22209612,23146678,24107819,24728293,16097819
235,Rodolfo Pirani,36,São Paulo,77,São Rafael,566.04,0,0,0,0,0,0,26491721,26712416,26939234,27147223,27293998,24121501
236,Ipiranga,36,São Paulo,33,Ipiranga,91.94,1,1,0,0,0,0,7207036,7212103,7217191,7221241,7221241,7207036
237,Sacomã,36,São Paulo,33,Ipiranga,90.34,1,1,1,0,0,0,5663659,5663659,5663659,5663659,5663659,5663659
238,Alto do Ipiranga,36,São Paulo,33,Ipiranga,160.81,1,1,1,0,0,0,10024892,10024892,10024892,10024892,10024892,10024892
239,Vila São José,36,São Paulo,33,Ipiranga,177.55,1,1,0,0,0,0,10337236,10376892,10494186,10566110,10619424,10303161
240,Vila Monumento,36,São Paulo,33,Ipiranga,165.19,1,0,0,0,0,0,10735629,10759465,10783314,10802798,10830529,10735629
241,Vila Independência,36,São Paulo,33,Ipiranga,170.22,1,1,0,0,0,0,8832862,8832862,8832862,8832862,8832862,8832862
242,Vila Carioca,36,São Paulo,33,Ipiranga,249.11,1,1,1,0,0,0,9255127,9259904,9264702,9296228,9434819,9255127
243,Moinho Velho,36,São Paulo,69,Sacomã,347.41,1,1,0,0,0,0,19418729,19418801,19418873,19418916,19418916,19418729
244,Vila Heliópolis,36,São Paulo,69,Sacomã,232.81,1,1,0,0,0,0,10111166,10128186,10145190,10171838,10237133,10111166
245,São João Clímaco,36,São Paulo,69,Sacomã,198.15,1,0,0,0,0,0,9136994,9149902,9162827,9176599,9193673,9128517
246,Anchieta,36,São Paulo,69,Sacomã,217.08,1,0,0,0,0,0,11082995,11172979,11262975,11346082,11401417,11080359
247,Vila das Mercês,36,São Paulo,69,Sacomã,468.94,1,0,0,0,0,0,28436824,28734010,29033142,29281550,29329904,28366741
248,Parque do Estado,36,São Paulo,27,Cursino,445.41,1,0,0,0,0,0,138854,154403,175120,222650,410183,133382
249,Água Funda,36,São Paulo,27,Cursino,276.3,1,0,0,0,0,0,13872393,13882787,13893170,13912181,13965613,13839764
250,Jardim da Saúde,36,São Paulo,27,Cursino,182.94,1,1,0,0,0,0,12804122,12804122,12804122,12807442,12824132,12804122
251,Vila Gumercindo,36,São Paulo,27,Cursino,137.19,1,1,0,0,0,0,10291102,10292420,10293737,10294795,10294795,10291102
252,Jardim Previdência,36,São Paulo,27,Cursino,165.81,1,1,0,0,0,0,8828869,8832166,8835484,8838131,8838131,8828869
253,Tamanduateí,36,São Paulo,95,Vila Prudente,112.99,1,1,0,0,0,0,4022586,4023379,4024186,4027308,4039758,4022586
254,Orfanato,36,São Paulo,95,Vila Prudente,354.26,1,1,1,0,0,0,19903437,19916301,19929179,19939458,19939550,19903437
255,Vila Zelina,36,São Paulo,95,Vila Prudente,492.94,1,1,0,0,0,0,28396049,28406309,28416570,28427781,28443073,28396049
256,Linhas Corrente,36,São Paulo,74,São Lucas,251.81,1,1,1,0,0,0,12785142,12815056,12844972,12874649,12903362,12785142
257,Vila Ema,36,São Paulo,74,São Lucas,267.22,1,1,0,0,0,0,16067995,16067995,16067995,16067995,16067995,16067995
258,Parque São Lucas,36,São Paulo,74,São Lucas,449.68,1,0,0,0,0,0,24242745,24335643,24428501,24548718,24558545,24240843
259,Vila Cardoso Franco,36,São Paulo,78,Sapopemba,163.88,0,0,0,0,0,0,11380613,11381093,11381573,11381955,11381955,11375600
260,Parque Santa Madalena,36,São Paulo,78,Sapopemba,204.85,0,0,0,0,0,0,13606118,13606169,13606221,13606246,13606246,13603762
261,Jardim Colorado,36,São Paulo,78,Sapopemba,320.26,0,0,0,0,0,0,17494769,17495895,17497036,17497932,17497932,17431348
262,Teotônio Vilela,36,São Paulo,78,Sapopemba,346.33,0,0,0,0,0,0,19088092,19092255,19096473,19099812,19099812,19077960
263,Fazenda da Juta,36,São Paulo,78,Sapopemba,329.57,0,0,0,0,0,0,16555235,16656046,16756809,16867276,17016583,15259625
264,São Mateus,36,São Paulo,75,São Mateus,427.59,0,0,0,0,0,0,22094622,22101646,22108706,22114313,22114313,22094622
265,Cidade IV Centenário,36,São Paulo,75,São Mateus,332.58,0,0,0,0,0,0,15587612,15593091,15598560,15602925,15602925,15458899
266,Rio Claro,36,São Paulo,75,São Mateus,218.36,0,0,0,0,0,0,5943101,6012304,6081496,6151476,6235855,5885583
267,Cidade Satélite,36,São Paulo,75,São Mateus,300.48,0,0,0,0,0,0,13521592,13634736,13747843,13845375,13884041,12922313
268,Joaquim Nabuco,36,São Paulo,15,Campo Belo,198.44,1,1,0,0,0,0,11405045,11439878,11474732,11502603,11502603,11294558
269,Vieira de Moraes,36,São Paulo,15,Campo Belo,171.28,1,0,0,0,0,0,18511613,18562805,18614114,18655135,18655135,18511613
270,Campo Belo,36,São Paulo,15,Campo Belo,138.57,1,0,0,0,0,0,8262150,8265501,8268850,8271523,8271523,8262150
271,Congonhas,36,São Paulo,15,Campo Belo,179.42,1,0,0,0,0,0,4236611,4237920,4239245,4240411,4241023,4236447
272,Jardim Aeroporto,36,São Paulo,15,Campo Belo,198.55,1,0,0,0,0,0,12976009,12979511,12983013,12994666,13038903,12972039
273,Vila Santa Catarina,36,São Paulo,37,Jabaquara,325.71,0,0,0,0,0,0,24168102,24168231,24168375,24180770,24242351,24057484
274,Jabaquara,36,São Paulo,37,Jabaquara,288.72,0,0,0,0,0,0,18388313,18404681,18421089,18451012,18535063,18383655
275,Cidade Vargas,36,São Paulo,37,Jabaquara,347.45,0,0,0,0,0,0,16076093,16090091,16106401,16146054,16286568,16067495
276,Jardim Bom Clima,36,São Paulo,37,Jabaquara,445.92,0,0,0,0,0,0,27585616,27615786,27645987,27681797,27740176,27546317
277,Cupecê,36,São Paulo,22,Cidade Ademar,416.89,0,0,0,0,0,1,23723845,23760107,23796316,23828887,23846540,23723845
278,Jardim Miriam,36,São Paulo,22,Cidade Ademar,513.94,0,0,0,0,0,1,36733716,36757174,36780626,36801761,36813771,36727327
279,Vila Missionária,36,São Paulo,22,Cidade Ademar,295.4,0,0,0,0,0,1,19928392,19944467,19960541,19974561,19980306,19879198
280,Jurubatuba,36,São Paulo,16,Campo Grande,482.59,0,0,0,0,0,1,23804164,23973934,24148460,24350838,24697732,23776599
281,Vila São Pedro,36,São Paulo,16,Campo Grande,312.58,0,0,0,0,0,1,15012463,15174996,15337452,15577084,16128456,14854628
282,Campo Grande,36,São Paulo,16,Campo Grande,272.36,0,0,0,0,0,1,14827612,14895854,14964824,15021328,15029857,14786915
283,Vila Sabará,36,São Paulo,16,Campo Grande,234.56,0,0,0,0,1,1,4817175,4860587,4904014,4939662,4943739,4758675
284,Mar Paulista,36,São Paulo,59,Pedreira,548.66,0,0,0,0,1,1,17060107,17185328,17330655,17507234,17587586,16996515
285,Pedreira,36,São Paulo,59,Pedreira,1302.69,0,0,0,0,0,1,26351865,27545649,29085030,30681956,31488826,23694732
286,Vila Socorro,36,São Paulo,81,Socorro,293.26,0,0,0,0,0,1,10979660,10985082,10990522,11010485,11088690,10955769
287,Parque Interlagos,36,São Paulo,81,Socorro,935.66,0,0,0,0,1,1,20707303,20827572,20961317,21065932,21101468,20529507
288,Jardim Represa,36,São Paulo,23,Cidade Dutra,783.73,0,0,0,0,1,1,10189436,10373027,10586717,10784288,10901394,10143964
289,Rio Bonito,36,São Paulo,23,Cidade Dutra,495.82,0,0,0,0,1,1,17677700,17735261,17793103,17845636,17868193,17674236
290,SESC Interlagos,36,São Paulo,23,Cidade Dutra,736.48,0,0,0,1,1,1,17132540,17362625,17626869,17882116,17994151,17009051
291,Jardim Presidente,36,São Paulo,23,Cidade Dutra,762.54,0,0,0,1,1,1,24182826,24303836,24433275,24563470,24701264,23974094
292,Vila Natal,36,São Paulo,30,Grajaú,415.09,0,0,0,0,1,1,18114710,18230395,18356571,18459915,18509601,17851090
293,Grajaú,36,São Paulo,30,Grajaú,540.7,0,0,0,0,1,1,28975856,29120397,29265056,29413082,29589285,28921950
294,Cocaia,36,São Paulo,30,Grajaú,1093.33,0,0,0,0,0,1,22791969,23171615,23576801,23994439,24302141,21422247
295,Belmira Marin,36,São Paulo,30,Grajaú,1236.83,0,0,0,0,0,1,32323874,33326294,34490889,35719086,36035543,31102655
296,Bororé,36,São Paulo,30,Grajaú,5992.56,0,0,0,0,0,1,2472476,2970265,3711089,4475369,5152039,2165851
297,Jaceguava,36,São Paulo,56,Parelheiros,3512.69,0,0,0,0,0,1,1688568,1987177,2367496,2743057,3003541,1442029
298,Parelheiros,36,São Paulo,56,Parelheiros,11667.08,0,0,0,0,0,1,42839165,45035329,47639301,50338475,52278358,35150138
299,Marsilac,36,São Paulo,52,Marsilac,20795.96,0,0,0,0,0,0,680974,832925,1178179,1573907,2248166,491163
300,Granja Julieta,36,São Paulo,72,Santo Amaro,616.88,1,1,1,0,0,0,38004846,38197990,38392921,38585520,38745198,37963526
301,Chácara Flora,36,São Paulo,72,Santo Amaro,452.25,1,1,1,0,0,1,14220192,14781743,15465572,16200246,16932471,13866120
302,Santo Amaro,36,São Paulo,72,Santo Amaro,257.11,1,0,0,0,0,1,16764625,16993916,17225459,17464888,17706471,16709598
303,Vila Miranda,36,São Paulo,72,Santo Amaro,271.15,1,0,0,0,0,1,12887960,12974314,13060610,13213693,13225558,12840521
304,Jardim São Luís,36,São Paulo,45,Jardim São Luís,408.45,0,0,0,0,0,0,24786761,24846403,24906101,24958685,24983068,24771383
305,Centro Empresarial,36,São Paulo,45,Jardim São Luís,675.29,0,0,0,0,0,1,36769539,36945091,37120720,37318049,37542797,36431715
306,Guarapiranga,36,São Paulo,45,Jardim São Luís,1513.25,0,0,0,0,0,1,24512662,25166328,25965785,26693869,27084850,23843529
307,Jardim Capela,36,São Paulo,42,Jardim Ângela,2022.05,0,0,0,0,0,1,31651009,32807502,34151985,35444061,35823819,27093509
308,Riviera,36,São Paulo,42,Jardim Ângela,798.79,0,0,0,0,0,0,13842065,14165069,14566550,14938586,15216057,13665597
309,Jardim Turquesa,36,São Paulo,42,Jardim Ângela,282.87,0,0,0,0,0,0,20009868,20415148,20859893,21217799,21219129,18262594
310,Morro do Índio,36,São Paulo,42,Jardim Ângela,114.64,0,0,0,0,0,0,9261559,9261559,9261559,9261559,9261559,9256732
311,Jardim Ângela,36,São Paulo,42,Jardim Ângela,463.77,0,0,0,0,0,0,26482321,26843400,27312098,27776899,28036103,26181161
312,Capão Redondo,36,São Paulo,19,Capão Redondo,219.39,0,0,0,0,0,0,13145758,13148278,13150780,13158388,13186220,13034618
313,Jardim Sônia Ingá,36,São Paulo,19,Capão Redondo,105.38,0,0,0,0,0,0,7102284,7102284,7102284,7102284,7102284,7019370
314,Adventista,36,São Paulo,19,Capão Redondo,545.26,0,0,0,0,0,0,33176790,33345985,33518829,33656135,33658088,32528525
315,Parque Fernanda,36,São Paulo,19,Capão Redondo,512.27,0,0,0,0,0,0,34890630,35090143,35289766,35454637,35497386,34627387
316,Morumbi,36,São Paulo,55,Morumbi,271.46,1,1,0,0,0,0,15464806,15656617,15883141,16061986,16163814,15407744
317,Jóquei Clube,36,São Paulo,55,Morumbi,333.24,1,1,0,0,0,0,9297718,9591736,9885707,10205638,10353156,9268157
318,Fazenda Morumbi,36,São Paulo,55,Morumbi,320.73,1,0,0,0,0,0,16265223,16894390,17532322,18164134,18537527,15903220
319,Real Parque,36,São Paulo,55,Morumbi,223.42,1,0,0,0,0,0,10931176,11210580,11491897,11757294,11958554,10576014
320,Paraisópolis,36,São Paulo,85,Vila Andrade,361.95,0,0,0,0,0,0,11814839,12545033,13557492,14602847,15116382,11005034
321,Jardim Vitória Régia,36,São Paulo,85,Vila Andrade,370.18,0,0,0,0,0,0,10223185,11486344,12866169,14523423,16925430,9405118
322,Vila Suzana,36,São Paulo,85,Vila Andrade,300.5,0,0,0,0,0,0,14894162,16260863,17772220,19340436,20779503,14058073
323,Parque Arariba,36,São Paulo,17,Campo Limpo,346.59,0,0,0,0,0,0,22944196,23231561,23583204,23917700,24334820,22719895
324,Jardim Mitsutani,36,São Paulo,17,Campo Limpo,349.31,0,0,0,0,0,0,22336492,22426331,22516095,22639507,22896925,22286214
325,Pirajussara,36,São Paulo,17,Campo Limpo,270.05,0,0,0,0,0,0,14562146,14720917,14879632,15038557,15181694,14519154
326,Jardim Umarizal,36,São Paulo,17,Campo Limpo,294.91,0,0,0,0,0,0,18375877,18681203,18986535,19256862,19386773,18049339
327,Portal do Morumbi,36,São Paulo,96,Vila Sônia,151.43,0,0,0,0,0,0,5213452,5534352,5914725,6298672,7027707,5000132
328,Jardim Jussara,36,São Paulo,96,Vila Sônia,231.55,0,0,0,0,0,0,11582889,11731568,11880219,12192043,12243140,11550248
329,Vila Sônia,36,São Paulo,96,Vila Sônia,348.44,0,0,0,0,0,0,20969028,21079676,21190299,21287383,21329935,20917190
330,Jardim Maria do Carmo,36,São Paulo,96,Vila Sônia,277.55,0,0,0,0,0,0,15623359,15936876,16252256,16550675,16824721,15320859
331,Jardim Cambará,36,São Paulo,66,Raposo Tavares,480.2,0,0,0,0,0,0,15803431,15939258,16080956,16343849,16711651,15337077
332,Jardim João XXIII,36,São Paulo,66,Raposo Tavares,467.65,0,0,0,0,0,0,16798641,17064590,17346973,17733981,17938006,16565427
333,Raposo Tavares,36,São Paulo,66,Raposo Tavares,271.34,0,0,0,0,0,0,7137880,7256363,7376254,7518815,7781488,6992396
334,Rio Pequeno,36,São Paulo,68,Rio Pequeno,245.75,0,0,0,0,0,0,14635880,14643081,14650280,14662567,14697951,14634706
335,Jardim Ester Yolanda,36,São Paulo,68,Rio Pequeno,264.93,0,0,0,0,0,0,15204370,15296803,15389282,15463384,15464152,15186139
336,Jardim Adalgiza,36,São Paulo,68,Rio Pequeno,467.13,0,0,0,0,0,0,22187713,22518422,22848870,23180121,23535305,21625912
337,Parque Continental,36,São Paulo,40,Jaguaré,226.38,0,0,0,0,0,0,12899689,12940081,12980438,13012887,13013762,12880252
338,Jaguaré,36,São Paulo,40,Jaguaré,430.44,0,0,0,0,0,0,20804605,20835194,20865767,20899669,20951420,20719569
339,Cidade Universitária,36,São Paulo,12,Butantã,584.56,1,1,0,0,0,0,10150698,10503307,10931346,11334635,11674557,10098120
340,Butantã,36,São Paulo,12,Butantã,207.11,1,1,1,0,0,0,8942563,8953108,8963617,8973845,8982668,8942563
341,Jardim Caxingui,36,São Paulo,12,Butantã,180.08,1,1,0,0,0,0,7440370,7452782,7465249,7488329,7559658,7440370
342,Jardim Bonfiglioli,36,São Paulo,12,Butantã,319.97,1,0,0,0,0,0,21150270,21222422,21294606,21389209,21573119,21149948
343,Melhoramentos,4,Caieiras,100,Caieiras,2875.06,0,0,0,0,0,1,351184,608943,1007184,1496740,2515942,182478
344,Caieiras,4,Caieiras,100,Caieiras,1990.04,0,0,0,0,0,1,21473010,22929226,24739555,26903426,28573886,19724329
345,Serpa,4,Caieiras,100,Caieiras,691.49,0,0,0,0,0,0,22740435,23352546,24003418,24627515,25196541,19707649
346,Santa Inês,4,Caieiras,100,Caieiras,4080.68,0,0,0,0,0,1,815711,979923,1235343,1515985,1775469,673227
347,Cajamar,5,Cajamar,101,Cajamar,4855.8,0,0,0,0,0,0,31332194,36080808,44554533,53631244,57319727,26536164
348,Jordanésia,5,Cajamar,101,Cajamar,8307.85,0,0,0,0,0,0,250238,724348,1734085,4028191,6304437,197006
349,Cristais,13,Franco da Rocha,109,Franco da Rocha,4251.83,0,0,0,0,0,0,362464,443641,570557,742217,1116030,220743
350,Baltazar Fidélis,13,Franco da Rocha,109,Franco da Rocha,2505.16,0,0,0,0,0,0,35527270,36804271,38501430,40344652,42218109,34950717
351,Franco da Rocha,13,Franco da Rocha,109,Franco da Rocha,1417.58,0,0,0,0,0,0,35505992,36839356,38577137,40194839,41683857,33306526
352,Parque do Juqueri,13,Franco da Rocha,109,Franco da Rocha,2551.34,0,0,0,0,0,0,1610321,1728703,1905173,2088406,2352029,1531448
353,Palmares,13,Franco da Rocha,109,Franco da Rocha,2721.22,0,0,0,0,0,0,276151,468392,774269,1245546,2325082,130100
354,Sete Voltas,12,Francisco Morato,108,Francisco Morato,560.42,0,0,0,0,0,0,866315,1004069,1165546,1358874,1595848,834782
355,Afonso Moreno,12,Francisco Morato,108,Francisco Morato,744.81,0,0,0,0,0,0,31419144,32077258,32765812,33447302,33808166,30750442
356,Francisco Morato,12,Francisco Morato,108,Francisco Morato,1857.33,0,0,0,0,0,0,54768698,56699816,58837001,60894570,62027221,52735470
357,Cascatas,12,Francisco Morato,108,Francisco Morato,1758.38,0,0,0,0,0,0,2089875,2383560,2744276,3152935,3623259,1815532
358,Mairiporã,21,Mairiporã,117,Mairiporã,4886.1,0,0,0,0,0,0,14925346,16145196,17730556,20091817,23832939,14092359
359,Paiva Castro,21,Mairiporã,117,Mairiporã,6751.3,0,0,0,0,0,0,1004581,1565749,2488910,4076340,8843013,735206
360,Colinas,21,Mairiporã,117,Mairiporã,5553.1,0,0,0,0,0,0,6299801,7160732,8321357,9812745,12652186,4643658
361,Pirucaia,21,Mairiporã,117,Mairiporã,14953.5,0,0,0,0,0,1,2057616,2550530,3289395,4782580,9233976,1211730
362,Guarulhos,15,Guarulhos,111,Guarulhos,164.41,0,0,0,0,0,1,12395466,12400673,12405881,12410847,12414634,12395466
363,Macedo,15,Guarulhos,111,Guarulhos,382.09,0,0,0,0,0,1,20759652,20842207,20924767,20992299,20999599,20746405
364,Cumbica,15,Guarulhos,111,Guarulhos,689.34,0,0,0,0,0,1,30623742,30793964,30964098,31106937,31140453,30596175
365,Várzea do Palácio,15,Guarulhos,111,Guarulhos,646.76,0,0,0,0,1,1,10812996,10960128,11133322,11278768,11373038,10737064
366,Ponte Grande,15,Guarulhos,111,Guarulhos,874.87,0,0,0,0,0,1,25874484,26107539,26349733,26552288,26573669,25808302
367,Gopouva,15,Guarulhos,111,Guarulhos,202.39,0,0,0,0,0,1,10673809,10795489,10917094,11019914,11073747,10673809
368,Vila São Rafael,15,Guarulhos,111,Guarulhos,401.04,0,0,0,0,0,1,18345672,18408621,18513941,18583656,18594214,18289486
369,Vila Rosália,15,Guarulhos,111,Guarulhos,434.65,0,0,0,0,0,1,21538318,21644760,21751187,21845718,21892630,21443728
370,André Luiz,15,Guarulhos,111,Guarulhos,579.59,0,0,0,0,0,1,30750129,31029251,31308376,31577232,31805033,29652779
371,Jardim Santa Clara,15,Guarulhos,111,Guarulhos,462.74,0,0,0,0,0,1,20185725,20407177,20628632,20874028,20936322,19866497
372,Parque CECAP,15,Guarulhos,111,Guarulhos,471.79,0,0,0,0,0,1,16235267,16376198,16517179,16670879,16899168,16230159
373,Taboão,15,Guarulhos,111,Guarulhos,529.11,0,0,0,0,0,1,21296969,21538811,21783322,21993763,22068044,21228687
374,Aeroporto,15,Guarulhos,111,Guarulhos,1324.93,0,0,0,0,0,1,6248109,6426680,6655863,6916623,7386479,6242544
375,Jardim Presidente Dutra,15,Guarulhos,111,Guarulhos,892.25,0,0,0,0,0,1,33738766,34013143,34353541,34670413,35056463,33288600
376,Baquirivu,15,Guarulhos,111,Guarulhos,1046.37,0,0,0,0,0,1,24734529,26114480,27627727,29213936,30178716,22924129
377,Água Chata,15,Guarulhos,111,Guarulhos,2422.5,0,0,0,0,1,1,73175933,76254877,80218145,84408331,89160062,67827023
378,Pimentas,15,Guarulhos,111,Guarulhos,1685.56,0,0,0,0,0,1,46222024,47664022,49306113,50809254,51682888,44882065
379,Cabuçu,15,Guarulhos,111,Guarulhos,752.36,0,0,0,0,0,1,20352418,20806714,21276794,21916235,22254160,18744798
380,Invernada,15,Guarulhos,111,Guarulhos,2194.83,0,0,0,0,0,1,30803680,32345363,34030665,35813501,37793199,24330752
381,Morro dos Macacos,15,Guarulhos,111,Guarulhos,3533.19,0,0,0,0,0,1,271092,325752,431818,570789,979491,228485
382,Chácaras Bananal,15,Guarulhos,111,Guarulhos,1815.89,0,0,0,0,0,1,26660436,27413118,28219706,29062800,29823519,23709584
383,Estrada de Nazaré Paulista,15,Guarulhos,111,Guarulhos,1215.48,0,0,0,0,0,1,21735324,22807127,24058737,25503111,26271076,18636853
384,Água Azul,15,Guarulhos,111,Guarulhos,3389.29,0,0,0,0,0,1,6233568,6642774,7251669,8047401,9183858,4501744
385,Vasconcelândia,15,Guarulhos,111,Guarulhos,5829.8,0,0,0,0,0,1,102179,110101,122881,183386,485666,89555
386,Arujazinho,1,Arujá,97,Arujá,4190.39,0,0,0,0,0,1,1171815,1662027,2411144,3402902,4836725,812212
387,Arujá,1,Arujá,97,Arujá,3193.71,0,0,0,0,0,1,40536125,43727245,47631645,51815319,55672915,38237854
388,Fazenda Velha,1,Arujá,97,Arujá,2249.46,0,0,0,0,0,1,1582452,2273984,3309050,4798820,6954666,1357839
389,Santa Isabel,30,Santa Isabel,126,Santa Isabel,3989.66,0,0,0,0,0,0,19930784,21255069,22874315,24772158,27248317,17763015
390,Jaguari,30,Santa Isabel,126,Santa Isabel,32425.2,0,0,0,0,0,1,676287,1036025,1712539,3592198,11046575,550129
391,Ferraz de Vasconcelos,11,Ferraz de Vasconcelos,107,Ferraz de Vasconcelos,991.01,0,0,0,0,0,0,26528720,27358603,28247793,29175247,29884555,24942332
392,Paiol Velho,11,Ferraz de Vasconcelos,107,Ferraz de Vasconcelos,1027.08,0,0,0,0,0,0,592040,924023,1372613,1990458,2586241,265352
393,Santos Dumont,11,Ferraz de Vasconcelos,107,Ferraz de Vasconcelos,945.21,0,0,0,0,0,1,33441844,34885754,36505549,38068851,38489207,32067310
394,Jardim São José,26,Poá,122,Poá,407.85,0,0,0,0,0,0,5296392,5570726,5914195,6331375,6668296,5043096
395,Poá,26,Poá,122,Poá,1322.41,0,0,0,0,0,1,36435054,37211806,38015988,38753081,39170884,35935868
396,Itaquaquecetuba,18,Itaquaquecetuba,114,Itaquaquecetuba,1132.92,0,0,0,0,1,1,32872562,33447150,34027927,34573589,34756922,32483170
397,Quinta da Boa Vista,18,Itaquaquecetuba,114,Itaquaquecetuba,1419.81,0,0,0,0,1,1,25766628,26600494,27620743,28557913,28992837,23784015
398,Bonsucesso,18,Itaquaquecetuba,114,Itaquaquecetuba,3075.76,0,0,0,0,0,1,44902372,48885277,54090103,59876530,63629781,42037094
399,Pinheirinho,18,Itaquaquecetuba,114,Itaquaquecetuba,2650.99,0,0,0,0,0,1,23250920,26005119,29584991,33676496,36757038,18824576
400,Miguel Badra,37,Suzano,132,Suzano,3270.75,0,0,0,0,0,1,38946991,40460026,42384809,44484655,46091920,34632597
401,Suzano,37,Suzano,132,Suzano,3452.13,0,0,0,0,0,0,58241388,59865520,61729963,63676942,65711310,55633039
402,Guaió,37,Suzano,132,Suzano,8721.28,0,0,0,0,0,0,7469011,8350827,9584180,11225406,14093190,6298410
403,Ouro Fino,37,Suzano,132,Suzano,5222.79,0,0,0,0,0,0,4169000,4521035,5102452,5946433,7715975,3748181
404,Mogi das Cruzes,23,Mogi das Cruzes,119,Mogi das Cruzes,1358.15,0,0,0,0,0,0,46170806,46897281,47712722,48617258,49083944,43804728
405,Estudantes,23,Mogi das Cruzes,119,Mogi das Cruzes,995.8,0,0,0,0,0,0,15568113,16261109,16987342,17854994,18658498,14465122
406,Vila Oliveira,23,Mogi das Cruzes,119,Mogi das Cruzes,2914.74,0,0,0,0,0,0,19360668,20009508,20808289,21736328,22985975,17938860
407,Brás Cubas,23,Mogi das Cruzes,119,Mogi das Cruzes,2147.95,0,0,0,0,0,0,48142866,49376278,50756680,52038239,52892246,43982844
408,Jundiapeba,23,Mogi das Cruzes,119,Mogi das Cruzes,2374.68,0,0,0,0,0,0,11166323,11699167,12426738,13333042,13981861,8931676
409,Jardim Graziella,23,Mogi das Cruzes,119,Mogi das Cruzes,3985.96,0,0,0,0,0,1,5313494,6624158,8558847,10603806,12596185,3970425
410,Itapeti,23,Mogi das Cruzes,119,Mogi das Cruzes,15936.9,0,0,0,0,0,1,2729552,3622546,5167334,7287451,11020338,2194705
411,Sabaúna,23,Mogi das Cruzes,119,Mogi das Cruzes,4422.81,0,0,0,0,0,0,8253693,9219002,10414756,11787966,13501073,5582533
412,César de Souza,23,Mogi das Cruzes,119,Mogi das Cruzes,2932.91,0,0,0,0,0,0,15021419,15869919,17125938,18538846,19531547,13045116
413,Taiaçupeba,23,Mogi das Cruzes,119,Mogi das Cruzes,34359.29,0,0,0,0,0,0,3747517,4517796,5748750,8281065,16282459,2838798
414,Biritiba-Mirim,3,Biritiba-Mirim,99,Biritiba-Mirim,31812.79,0,0,0,0,0,0,8727171,9777368,11453955,13605991,16555722,7389035
415,Salesópolis,29,Salesópolis,125,Salesópolis,42596.88,0,0,0,0,0,0,4184490,4753470,5792907,7302709,10162882,3940001
416,Guararema,14,Guararema,110,Guararema,27143.95,0,0,0,0,0,0,7203696,8626181,10836301,14199228,22050116,6546608
417,Santa Paula,34,São Caetano do Sul,130,São Caetano do Sul,294.73,0,0,0,0,0,0,26960363,26972508,26984700,26994403,26994403,26960363
418,Vila Gerti,34,São Caetano do Sul,130,São Caetano do Sul,380.18,0,0,0,0,0,0,24793661,24798935,24804223,24845693,25031777,24793661
419,Estrada das Lágrimas,34,São Caetano do Sul,130,São Caetano do Sul,360.05,0,0,0,0,0,0,17600118,17651656,17703232,17748432,17767998,17600118
420,Santo Antônio,34,São Caetano do Sul,130,São Caetano do Sul,133.88,0,0,0,0,0,0,6046758,6047329,6047912,6048372,6048372,6046758
421,São Caetano do Sul,34,São Caetano do Sul,130,São Caetano do Sul,367.7,0,0,0,0,0,0,21064975,21065521,21066039,21067352,21071847,21057427
422,Santo André,32,Santo André,128,Santo André,795.2,0,0,0,0,0,0,58108706,58174080,58239387,58321611,58471220,58092779
423,Vila Gilda,32,Santo André,128,Santo André,291.6,0,0,0,0,0,0,19091801,19101678,19111517,19119417,19119417,19028057
424,Valparaíso,32,Santo André,128,Santo André,246.83,0,0,0,0,0,0,14666879,14668169,14669481,14671685,14677489,14666879
425,Sacadura Cabral,32,Santo André,128,Santo André,179.89,0,0,0,0,0,0,9418242,9418242,9418242,9418242,9418242,9418242
426,Campestre,32,Santo André,128,Santo André,287.09,0,0,0,0,0,0,16777462,16777462,16777462,16778872,16785908,16777446
427,Utinga,32,Santo André,128,Santo André,566.15,0,0,0,0,0,0,22501689,22597625,22693536,22818576,23100959,22483784
428,Vila Lucinda,32,Santo André,128,Santo André,457.81,0,0,0,0,0,0,22086630,22088106,22089590,22090774,22090774,22032403
429,Parque Oratório,32,Santo André,128,Santo André,578.55,0,0,0,0,0,0,24472264,24596041,24726395,25026249,25115098,24374716
430,Parque das Nações,32,Santo André,128,Santo André,527.79,0,0,0,0,0,0,24167812,24319317,24472093,24603481,24659863,23733544
431,Jardim do Estádio,32,Santo André,128,Santo André,1142.33,0,0,0,0,0,0,50469411,50642228,50817516,51012351,51226722,49854630
432,Carijós,32,Santo André,128,Santo André,914.11,0,0,0,0,0,0,45486230,45568253,45666878,45749373,45865260,45387111
433,Parque do Pedroso,32,Santo André,128,Santo André,3164.82,0,0,0,0,0,0,34426400,35625336,37120146,38556092,39901539,29957333
434,Paranapiacaba,32,Santo André,128,Santo André,8465.27,0,0,0,0,0,0,1421462,1496336,1592540,1732819,1979512,1393880
435,Capuava,22,Mauá,118,Mauá,1957.14,0,0,0,0,0,0,36668428,38365098,40572036,43071465,44811551,34390654
436,Mauá,22,Mauá,118,Mauá,1131.35,0,0,0,0,0,0,51512947,51919369,52436795,52909230,53375496,51092335
437,Jardim Zaíra,22,Mauá,118,Mauá,1240.23,0,0,0,0,0,0,57940488,58710334,59617990,60587881,62188976,54326898
438,Barão de Mauá,22,Mauá,118,Mauá,604.52,0,0,0,0,0,0,33439481,33757861,34079222,34559468,35532274,32285398
439,Estrada do Carneiro,22,Mauá,118,Mauá,1268.48,0,0,0,0,0,0,7413038,7715762,8063665,8679363,10372271,6005435
440,Ribeirão Pires,27,Ribeirão Pires,123,Ribeirão Pires,5256.82,0,0,0,0,0,0,36195451,37596299,39175082,41488735,45812531,34813220
441,Jardim Santa Luzia,27,Ribeirão Pires,123,Ribeirão Pires,2519.74,0,0,0,0,0,0,9344165,9838709,10423244,11189155,12795378,8916015
442,Ouro Fino Paulista,27,Ribeirão Pires,123,Ribeirão Pires,2156.26,0,0,0,0,0,0,4236617,4659202,5170414,6004549,7516252,3944717
443,Parque Sete Pontes,28,Rio Grande da Serra,124,Rio Grande da Serra,1886.11,0,0,0,0,0,0,1665185,1776727,1948465,2216818,3071340,1467628
444,Rio Grande da Serra,28,Rio Grande da Serra,124,Rio Grande da Serra,1756.13,0,0,0,0,0,0,8250926,8774108,9471984,10259582,11007183,7936356
445,Planalto,33,São Bernardo do Campo,129,São Bernardo do Campo,1109.34,0,0,0,0,0,0,55997472,56279057,56570797,56951568,57148090,55221441
446,Paulicéia,33,São Bernardo do Campo,129,São Bernardo do Campo,805.47,0,0,0,0,0,0,43470245,43731893,43993599,44347294,44619031,43324154
447,Rudge Ramos,33,São Bernardo do Campo,129,São Bernardo do Campo,470.61,0,0,0,0,0,0,27371981,27377127,27382297,27386909,27389467,27370832
448,Baeta Neves,33,São Bernardo do Campo,129,São Bernardo do Campo,535.87,0,0,0,0,0,0,31852380,32024917,32197573,32341529,32411242,31754617
449,São Bernardo do Campo,33,São Bernardo do Campo,129,São Bernardo do Campo,742.96,0,0,0,0,0,0,48840617,49034339,49228042,49386180,49401815,48704943
450,Montanhão,33,São Bernardo do Campo,129,São Bernardo do Campo,1054.93,0,0,0,0,0,0,48498655,48851496,49204716,49544155,49721959,45267135
451,Demarchi,33,São Bernardo do Campo,129,São Bernardo do Campo,1059.42,0,0,0,0,0,0,50974005,51331423,51709367,52039275,52266670,50254681
452,Riacho Grande,33,São Bernardo do Campo,129,São Bernardo do Campo,3065.46,0,0,0,0,0,0,14144795,14703481,15300361,16027244,16725500,12424335
453,Caminho do Mar,33,São Bernardo do Campo,129,São Bernardo do Campo,28151.71,0,0,0,0,0,1,6673846,6928945,7284006,7783592,8593738,5783539
454,Reservatório Billings,33,São Bernardo do Campo,129,São Bernardo do Campo,4043.04,0,0,0,0,0,1,48844214,50453460,52305885,54128876,55235082,44103818
455,Diadema,8,Diadema,104,Diadema,493.35,0,0,0,0,0,1,31308310,31453890,31600316,31738633,31846168,31188200
456,Jardim das Nações,8,Diadema,104,Diadema,591.18,0,0,0,0,0,0,34295918,34346260,34396513,34616781,34780782,34269204
457,Piraporinha,8,Diadema,104,Diadema,763.86,0,0,0,0,0,0,47334233,47407143,47480076,47546409,47586494,46503696
458,Vila Conceição,8,Diadema,104,Diadema,371.2,0,0,0,0,0,1,24455430,24559394,24663447,24750470,24769661,23984721
459,Eldorado,8,Diadema,104,Diadema,866.88,0,0,0,0,0,1,27133277,27613463,28113166,28585646,28785597,26240424
460,Taboão da Serra,38,Taboão da Serra,133,Taboão da Serra,526.97,0,0,0,0,0,0,28191705,28906367,29778404,30795490,31421655,27052708
461,Jardim Irapuã,38,Taboão da Serra,133,Taboão da Serra,406.71,0,0,0,0,0,0,18242023,18606348,18980406,19319788,19560670,17833859
462,Parque Pinheiros,38,Taboão da Serra,133,Taboão da Serra,723.48,0,0,0,0,0,0,32866445,33174394,33491481,33794328,34039896,32091000
463,Parque Industrial,38,Taboão da Serra,133,Taboão da Serra,386.21,0,0,0,0,0,0,22386738,22539717,22694891,22830482,22896515,21964197
464,Santo Eduardo,9,Embu das Artes,105,Embu das Artes,318.72,0,0,0,0,0,0,19595140,19644220,19695641,19738826,19754269,19491023
465,São Marcos,9,Embu das Artes,105,Embu das Artes,1868.03,0,0,0,0,0,0,39208048,40437774,41881006,43181777,43909853,37132179
466,Embu das Artes,9,Embu das Artes,105,Embu das Artes,1469.34,0,0,0,0,0,0,29195498,30688561,32513646,34804651,38243172,27869077
467,Ressaca,9,Embu das Artes,105,Embu das Artes,3398.73,0,0,0,0,0,0,4062994,4711460,5777642,7285519,8832811,3761889
468,Itapecerica da Serra,16,Itapecerica da Serra,112,Itapecerica da Serra,7478.56,0,0,0,0,0,0,51214393,54173137,58161080,62290483,64190680,47289140
469,Jardim Petrópolis,16,Itapecerica da Serra,112,Itapecerica da Serra,4132.43,0,0,0,0,0,0,281023,372711,584487,871118,1212275,230142
470,Embu-Mirim,16,Itapecerica da Serra,112,Itapecerica da Serra,3509.86,0,0,0,0,0,0,1638402,1914147,2376480,2919186,3426031,1465612
471,São Lourenço da Serra,35,São Lourenço da Serra,131,São Lourenço da Serra,18674.34,0,0,0,0,0,0,1819004,2086898,2598029,3336258,4461075,1563744
472,Embu-Guaçu,10,Embu-Guaçu,106,Embu-Guaçu,7756.92,0,0,0,0,0,0,12625686,13611151,15126226,16814326,18188826,11891125
473,Cipó,10,Embu-Guaçu,106,Embu-Guaçu,2226.59,0,0,0,0,0,0,7308045,7955617,8836737,9717084,10193006,6442458
474,Santa Rita,10,Embu-Guaçu,106,Embu-Guaçu,5614.14,0,0,0,0,0,0,310483,407840,643196,958703,1489878,188004
475,Juquitiba,20,Juquitiba,116,Juquitiba,52333.22,0,0,0,0,0,0,4432920,4835470,5523671,6582542,8372380,3771810
476,Barueri,2,Barueri,98,Barueri,1469.12,0,0,0,0,0,0,47600161,49372561,51482238,53433234,54327437,46203488
477,Aphaville,2,Barueri,98,Barueri,1201.4,0,0,0,0,0,0,32686115,34624792,37114707,39536610,41292054,30378345
478,Tamboré,2,Barueri,98,Barueri,890.13,0,0,0,0,0,0,34322249,34865378,35410125,35969257,36188588,33954945
479,Antônio João,2,Barueri,98,Barueri,593.61,0,0,0,0,0,0,1043518,1089967,1175092,1257566,1342557,951646
480,Vutopoca,2,Barueri,98,Barueri,473.35,0,0,0,0,0,0,9995961,10876815,12147364,13491091,14229846,8836025
481,Jardim Silveira,2,Barueri,98,Barueri,312.03,0,0,0,0,0,0,18993378,19077955,19162585,19295152,19306617,18550527
482,Jardim Belval,2,Barueri,98,Barueri,350.02,0,0,0,0,0,0,13880391,14265445,14786212,15340532,15847257,13519745
483,Morada dos Lagos,2,Barueri,98,Barueri,1293.93,0,0,0,0,0,0,11047754,11504730,12110575,12773942,13137917,9576081
484,Cidade Ariston,6,Carapicuíba,102,Carapicuíba,790.35,0,0,0,0,0,0,46270593,46644710,47038618,47355438,47424443,44825838
485,Carapicuíba,6,Carapicuíba,102,Carapicuíba,776.67,0,0,0,0,0,0,33648994,33844233,34061817,34252780,34346080,33479099
486,Jardim Planalto,6,Carapicuíba,102,Carapicuíba,422.4,0,0,0,0,0,0,22354971,22819775,23335709,23753775,23962509,21958735
487,Aldeia de Carapicuíba,6,Carapicuíba,102,Carapicuíba,572.62,0,0,0,0,0,0,13610572,14328559,15192321,16202138,17223917,11927022
488,Estrada do Jacarandá,6,Carapicuíba,102,Carapicuíba,900.41,0,0,0,0,0,0,13250329,14737306,16788010,19077452,21025354,11424338
489,Osasco,24,Osasco,120,Osasco,188.93,0,0,0,0,0,0,9907030,9908850,9910661,9912115,9912115,9900128
490,Vila Yara,24,Osasco,120,Osasco,243.57,0,0,0,0,0,0,13414511,13475429,13536321,13585703,13589033,13317958
491,Bussocaba City,24,Osasco,120,Osasco,469.51,0,0,0,0,0,0,18746740,19194098,19664177,20089936,20265370,18599791
492,Nova Granada,24,Osasco,120,Osasco,546.33,0,0,0,0,0,0,28017429,28017429,28017429,28020670,28036853,28017429
493,Recanto das Rosas,24,Osasco,120,Osasco,389.45,0,0,0,0,0,0,10126459,10721326,11369760,12047969,12268711,7874728
494,Jardim Novo Osasco,24,Osasco,120,Osasco,354.18,0,0,0,0,0,0,20207444,20313501,20489169,20691088,20764043,19623652
495,Jardim Veloso,24,Osasco,120,Osasco,678.57,0,0,0,0,0,0,37782393,37954990,38127613,38321253,38382478,36797768
496,Quitaúna,24,Osasco,120,Osasco,552.51,0,0,0,0,0,0,24516350,24661274,24813482,24944784,25007388,24160035
497,Jardim Piratininga,24,Osasco,120,Osasco,350.75,0,0,0,0,0,0,5950708,5989241,6028553,6071388,6143060,5583412
498,Presidente Altino,24,Osasco,120,Osasco,247.56,0,0,0,0,0,0,7185352,7185459,7185566,7193069,7230128,7184825
499,Munhoz Junior,24,Osasco,120,Osasco,722.7,0,0,0,0,0,0,34334561,34460149,34707280,34886816,34905041,33855627
500,Rochdale,24,Osasco,120,Osasco,366.25,0,0,0,0,0,0,17189942,17311372,17432781,17540095,17598468,17041531
501,Mutinga,24,Osasco,120,Osasco,442.02,0,0,0,0,0,0,22324593,22383886,22443162,22494345,22513783,22115063
502,Três Montanhas,24,Osasco,120,Osasco,957.92,0,0,0,0,0,1,19896236,21820687,24397881,27042997,27886514,15993254
503,Ribeirão Itaqui,19,Jandira,115,Jandira,356.79,0,0,0,0,0,0,7961312,8961672,10476773,11998932,12454988,7713004
504,Jandira,19,Jandira,115,Jandira,680.44,0,0,0,0,0,0,36801797,37494486,38228523,38945638,39059366,35714346
505,Ribeirão das Pombas,19,Jandira,115,Jandira,712.09,0,0,0,0,0,0,4045144,5003400,6646014,8416776,10077223,3666260
506,Granja Viana,7,Cotia,103,Cotia,1639.63,0,0,0,0,0,0,22730194,25323363,28286882,31365683,33756270,20581241
507,Fernando Nobre,7,Cotia,103,Cotia,1976.97,0,0,0,0,0,0,21767538,24445109,28054998,32376090,35709371,19933240
508,Cotia,7,Cotia,103,Cotia,8045.11,0,0,0,0,0,0,46757248,51424616,57946431,65838201,72125180,41736554
509,Capueira,7,Cotia,103,Cotia,2229.93,0,0,0,0,0,0,211952,432915,875820,1461478,2071672,100144
510,Caucaia,7,Cotia,103,Cotia,10265.92,0,0,0,0,0,0,1750,8807,20896,29425,39093,929
511,Caucaia do Alto,7,Cotia,103,Cotia,8316.36,0,0,0,0,0,0,7484046,9515563,12662957,16133823,17849614,5530687
512,Vargem Grande Paulista,39,Vargem Grande Paulista,134,Vargem Grande Paulista,4257.94,0,0,0,0,0,0,17447303,20357092,24696064,29453484,32292577,14044785
513,Quatro Encruzilhadas,17,Itapevi,113,Itapevi,2101.43,0,0,0,0,0,0,83209,135404,244508,451475,1038052,61957
514,Itapevi,17,Itapevi,113,Itapevi,1070.03,0,0,0,0,0,0,43823238,44964777,46465255,48363408,49746688,42333497
515,Amador Bueno,17,Itapevi,113,Itapevi,5113.23,0,0,0,0,0,0,41636692,43943465,47079339,50512201,52586422,38550785
516,Santana de Parnaíba,31,Santana de Parnaíba,127,Santana de Parnaíba,18034.76,0,0,0,0,0,0,76157552,82006856,90493984,100844000,110005275,66389923
517,Pirapora do Bom Jesus,25,Pirapora do Bom Jesus,121,Pirapora do Bom Jesus,10876.89,0,0,0,0,0,0,5100346,5450084,5898405,6467552,7434763,4748150
